country,year,gni,unemployment_rate_total,unemployment_rate_male,unemployment_rate_female,enrollment_rate_primary_total,enrollment_rate_primary_male,enrollment_rate_primary_female,enrollment_rate_secondary_total,enrollment_rate_secondary_male,enrollment_rate_secondary_female,enrollment_rate_tertiary_total,enrollment_rate_tertiary_male,enrollment_rate_tertiary_female,population_urban,population_urban_percentage,population_urban_growth,population_rural,population_rural_percentage,population_rural_growth,life_expectancy_total,life_expectancy_male,life_expectancy_female,human_development_index
1.0,1.0,4260.0,11.51000023,10.03199959,13.56299973,115.2991486,115.8330917,114.7470779,92.76067352,88.82038879,96.80098724,63.96667099,52.59029,75.46852875,35015688.0,90.031,1.22638308678468,3877236.0,9.96899999999999,-0.664499364401251,74.451,71.008,77.831,3.0
1.0,2.0,5480.0,10.07999992,8.394000053,12.39000034,117.2033005,117.5447235,116.8499985,91.81352997,87.36026764,96.38414764,66.96472931,53.6077,80.48403168,35439468.0,90.2,1.20299247011043,3850408.0,9.8,-0.69434119334613,74.62,71.179,77.996,5.0
1.0,3.0,6510.0,8.470000267,7.032999992,10.46000004,118.0511093,118.2247772,117.8712921,91.91613007,87.02944183,96.93862152,66.41162872,53.17609,79.81720734,35861117.0,90.366,1.18275022667788,3823186.0,9.634,-0.709501028965398,74.787,71.347,78.16,3.0
1.0,4.0,7670.0,7.840000153,6.497000217,9.720999718,118.5934601,118.8308334,118.34758,93.23705292,87.90686798,98.72424316,68.05695343,54.44815,81.85146332,36284568.0,90.53,1.17389103087434,3795591.0,9.47,-0.72439764731213,74.952,71.513,78.323,5.0
1.0,5.0,7790.0,8.649999619,7.777999878,9.852999687,117.905983,118.1700211,117.6324081,96.61971283,91.45230103,101.948082,70.20645905,56.4313,84.18763733,36714243.0,90.691,1.1772245502055,3768543.0,9.309,-0.715167533627052,75.116,71.676,78.485,5.0
1.0,6.0,9270.0,7.710000038,6.663000107,9.187999725,116.9757614,117.7034378,116.2216721,99.50125885,94.99504089,104.15448,73.23139954,58.88202,87.82827759,37055902.0,90.849,0.926286488598646,3732551.0,9.151,-0.959654050967754,75.278,71.837,78.646,3.0
1.0,7.0,10710.0,7.179999828,6.248000145,8.501000404,115.6147308,116.2863922,114.9186401,101.5350037,96.61753845,106.6154709,76.29740143,60.00511,92.92044067,37543830.0,90.99,1.30814131603172,3717660.0,9.01000000000001,-0.399747599889796,75.439,71.995,78.806,5.0
1.0,8.0,11870.0,7.21999979,6.079999924,8.819000244,114.2271729,114.8913803,113.5387573,103.4764786,99.12242126,107.9771423,77.44628906,60.60361,94.67601013,38027774.0,91.121,1.28077370283392,3705497.0,8.879,-0.327704530158683,75.598,72.151,78.966,5.0
1.0,9.0,12840.0,7.099999905,6.117000103,8.484000206,112.0119476,112.4775314,111.5293427,105.0414124,101.2330017,108.9802322,78.22389984,60.34128,96.5550766,38509756.0,91.249,1.25948243003778,3693179.0,8.751,-0.332978802729149,75.756,72.306,79.124,5.0
1.0,10.0,12330.0,7.269999981,6.480999947,8.373999596,111.459671,111.5726318,111.3425522,106.0355606,102.5928116,109.5981064,80.99581146,62.19477,100.3012238,38990109.0,91.377,1.2396386789085,3679391.0,8.623,-0.374035541874903,75.913,72.46,79.281,5.0
1.0,11.0,12590.0,7.520999908,6.727000237,8.623999596,111.3034134,111.3686981,111.2357025,106.9464722,103.8439713,110.1584091,84.0019989,64.05334,104.5159073,39467043.0,91.503,1.21579706300955,3664923.0,8.497,-0.393992378745193,76.068,72.614,79.434,2.0
1.0,12.0,12220.0,8.111000061,7.295000076,9.234000206,110.7391815,110.8675385,110.6060715,108.4623337,106.0881805,110.9198685,87.21344757,65.87956,109.1672134,39940546.0,91.627,1.19260291906809,3649822.0,8.373,-0.412892628615815,76.221,72.768,79.583,5.0
1.0,13.0,13140.0,8.350000381,7.527999878,9.472999573,109.7414627,109.8510818,109.6277771,108.7335968,106.5118332,111.0334625,89.95851898,67.77473,112.798439,40410674.0,91.749,1.17019595911431,3634137.0,8.251,-0.43067305139086,76.372,72.924,79.726,5.0
1.0,14.0,12430.0,9.220000267,8.223999977,10.54100037,109.6591721,109.6044083,109.7159729,107.6472778,105.4238968,109.9492188,91.6006012,32.166669999999996,114.6464462,40877099.0,91.87,1.14760215897919,3617403.0,8.13,-0.461530370218559,76.52,73.082,79.863,5.0
1.0,15.0,11250.0,9.840000153,9.187000275,10.69799995,109.5162964,109.4128876,109.623558,108.2308426,106.1297226,110.4068527,95.44790649,32.166669999999996,120.2840424,41339571.0,91.991,1.12501972603644,3599141.0,8.009,-0.506115918707072,76.667,73.242,79.995,5.0
1.0,16.0,9070.0,11.46000004,10.76299953,12.375,108.8093681,107.8020592,109.31068805000001,93.42028809,90.19768906,97.200126645,35.819524765,32.166669999999996,38.545040130000004,41796990.0,92.111,1.10041505272326,3579773.0,7.889,-0.539581529777376,74.962,71.887,77.996,5.0
2.0,1.0,550.0,4.25,3.358999968,7.050000191,101.6478119,99.43054962,103.9545364,46.96282959,45.50960922,48.4769516,6.446700096,8.41769,4.3979702,37274029.0,26.809,4.11135670857974,101761476.0,73.191,0.539656217107946,67.773,66.949,68.715,4.0
2.0,2.0,570.0,3.589999914,2.670000076,6.464000225,102.416153,99.68595123,105.2583923,47.52978134,46.25743103,48.85300827,7.361199856,9.41337,5.228109837,38777274.0,27.517,3.95375426974228,102143880.0,72.483,0.375080337096801,68.213,67.318,69.24,5.0
2.0,3.0,610.0,4.126999855,3.232000113,6.84800005,101.6202469,98.141922,105.2410431,48.30105972,47.08351135,49.56628036,7.932970047,10.16529,5.627389908,40283012.0,28.237,3.8095488240978,102377369.0,71.763,0.228327474606987,68.648,67.679,69.761,4.0
2.0,4.0,660.0,4.566999912,3.710999966,7.104000092,99.5429306,96.61228943,102.5926285,46.24111938,43.57575989,49.01089096,8.884090424,11.40082,6.311450005,41802030.0,28.968,3.70150613260051,102502134.0,71.032,0.121793555329638,69.072,68.031,70.272,5.0
2.0,5.0,730.0,5.0,4.181000233,7.366000175,102.9275665,100.5688477,105.3820877,49.99824142,48.1570015,51.91283035,10.8580904,13.53788,8.118780136,43352797.0,29.709,3.64263195382955,102571998.0,70.291,0.068135363559973,69.485,68.37,70.773,5.0
2.0,6.0,800.0,3.380000114,3.003999949,4.43900013,105.9745483,102.82547,109.2534485,51.63769913,48.71955872,54.67509079,35.819524765,32.166669999999996,38.545040130000004,44954428.0,30.462,3.62780430377557,102621005.0,69.538,0.0477667368919127,69.881,68.694,71.257,4.0
2.0,7.0,890.0,3.770999908,3.125,5.545000076,108.8093681,107.8020592,109.31068805000001,52.43136978,48.81148148,56.19821167,13.69155979,16.13323,11.19707012,46610536.0,31.225,3.61773444758679,102662598.0,68.775,0.0405224771597168,70.256,68.996,71.721,5.0
2.0,8.0,970.0,4.118999958,3.194999933,6.598999977,108.8093681,107.8020592,109.31068805000001,55.20996857,51.73942184,58.82461166,13.80099964,15.994,11.55667019,48311264.0,31.993,3.5838132582531,102694469.0,68.007,0.0310395943236583,70.606,69.273,72.159,5.0
2.0,9.0,1040.0,4.429999828,3.226000071,7.587999821,108.8093681,107.8020592,109.31068805000001,60.16873932,57.85261917,62.58472824,13.5304203,32.166669999999996,10.96611023,50047694.0,32.762,3.53116881944793,102713719.0,67.238,0.0187431671967787,70.93,69.526,72.571,5.0
2.0,10.0,1110.0,4.383999825,3.174000025,7.481999874,108.8093681,107.8020592,109.31068805000001,93.42028809,90.19768906,97.200126645,13.86507988,15.92644,11.74298,51817405.0,33.535,3.47496659160657,102699980.0,66.465,-0.0133769072728521,71.231,69.759,72.955,5.0
2.0,11.0,1220.0,4.366000175,3.145999908,7.418000221,108.8093681,107.8020592,109.31068805000001,65.62918854,61.77819824,69.65406036,13.78740978,32.166669999999996,11.0752697,53608407.0,34.308,3.39798061026891,102647880.0,65.692,-0.0507431644215006,71.514,69.978,73.316,4.0
2.0,12.0,1370.0,4.349999905,3.118000031,7.356999874,108.8093681,107.8020592,109.31068805000001,71.41584015,67.97476196,75.01081085,17.87435913,20.95333,14.68115044,55423124.0,35.083,3.32910045953364,102554027.0,64.917,-0.0914738151475979,71.785,70.192,73.655,5.0
2.0,13.0,1520.0,4.369999886,3.335000038,6.710000038,114.9886627,111.0868073,119.0579605,69.66316986,64.34774017,75.21749115,18.15146065,21.27599,14.91032982,57259998.0,35.858,3.26053573537605,102425423.0,64.142,-0.125479912131817,72.052,70.409,73.978,5.0
2.0,14.0,1750.0,4.413000107,3.375999928,6.743999958,116.4663391,112.3574524,120.7517471,72.69059753,67.35347748,78.27072906,20.5650692,24.01696,16.98328972,59115518.0,36.632,3.18911971165231,102261195.0,63.368,-0.160467779325435,72.32,70.637,74.291,5.0
2.0,15.0,1930.0,4.438000202,3.403000116,6.755000114,108.8093681,107.8020592,109.31068805000001,72.55812836,67.0911026,78.27726746,24.01688957,27.86777,20.01847076,60987421.0,37.405,3.11741679356148,102058752.0,62.595,-0.198162802231863,72.591,70.877,74.595,5.0
2.0,16.0,2030.0,5.413000107,4.291999817,8.0,119.5564499,114.3500214,124.987381,74.3600769,67.54805756,81.48805237,22.83039093,32.166669999999996,19.84238052,62873466.0,38.177,3.04566007142533,101815917.0,61.823,-0.238219996657073,74.962,71.887,77.996,5.0
3.0,1.0,4000.0,9.569999695,7.375999928,12.53899956,133.2621613,137.2152252,129.164566,101.2919922,96.51869965,106.2145386,25.98962975,22.76261,29.26807976,154176529.0,82.834,1.5244645710207,31950579.0,17.166,-0.661062614587972,71.896,68.166,75.775,4.0
3.0,2.0,4850.0,8.640000343,6.613999844,11.375,108.8093681,107.8020592,109.31068805000001,93.42028809,90.19768906,97.200126645,35.819524765,32.166669999999996,38.545040130000004,156447982.0,83.143,1.46253332118772,31719371.0,16.857,-0.726273591543747,72.26,68.536,76.122,5.0
3.0,3.0,6190.0,8.329999924,6.25,11.13099957,128.1797943,131.2835999,124.8782883,95.16999817,89.76165009,100.83815,30.78668976,27.19052,34.40193939,158660054.0,83.448,1.40403168822088,31470391.0,16.552,-0.788043127920014,72.618,68.905,76.457,4.0
3.0,4.0,7620.0,7.340000153,5.414999962,9.944000244,132.0552063,136.5995331,127.313118,96.72012329,91.12729645,102.6016083,35.56209946,31.06568,40.17340851,160823508.0,83.749,1.3543651865177,31206854.0,16.251,-0.840938535382042,72.966,69.266,76.779,5.0
3.0,5.0,8320.0,8.520000458,6.402999878,11.35599995,131.1651611,133.9461365,128.1880341,96.66548157,91.45065308,102.1236267,37.03839874,31.90576,42.16416931,162949974.0,84.044,1.31357056360001,30936531.0,15.956,-0.870003155034242,73.3,69.616,77.085,5.0
3.0,6.0,9650.0,7.274000168,5.387000084,9.833999634,108.8093681,107.8020592,109.31068805000001,93.42028809,90.19768906,97.200126645,35.819524765,32.166669999999996,38.545040130000004,165055096.0,84.335,1.28360875894277,30658541.0,15.665,-0.902643274670361,73.619,69.95,77.378,4.0
3.0,7.0,11080.0,6.920000076,5.09100008,9.437000275,106.9850616,110.9731598,102.8715515,95.26338196,90.85148621,99.85424042,43.45983124,37.57003,49.34313965,167158531.0,84.631,1.26633162387043,30356010.0,15.369,-0.991676491378618,73.921,70.265,77.658,5.0
3.0,8.0,12310.0,7.190000057,5.820000172,9.067000389,108.8190231,111.304451,106.1904678,93.42028809,89.53225708,97.46163177,45.17753983,32.166669999999996,51.91661835,169240747.0,84.923,1.2379590138736,30046545.0,15.077,-1.02468416362962,74.209,70.56,77.929,5.0
3.0,9.0,12790.0,6.980000019,5.670000076,8.776000023,114.5027695,116.8506393,112.0406113,102.6035767,98.98101807,106.3849411,47.05736923,32.166669999999996,54.13417053,171300683.0,85.209,1.20981527868807,29735221.0,14.791,-1.04154438797288,74.483,70.838,78.193,5.0
3.0,10.0,12120.0,6.659999847,5.593999863,8.114999771,114.8582001,117.3061905,112.3075104,101.3885269,97.30409241,105.7373962,50.17644882,32.166669999999996,57.89120865,173346780.0,85.492,1.18737043423465,29416964.0,14.508,-1.07607207068139,74.745,71.099,78.45,5.0
3.0,11.0,10190.0,8.430000305,7.217999935,10.06000042,113.3699722,115.6682587,110.9740067,100.6081696,97.93479919,103.4027176,51.32004166,32.166669999999996,58.80435181,175375428.0,85.77,1.16348820828163,29096331.0,14.23,-1.09594309887831,74.994,71.345,78.698,4.0
3.0,12.0,8920.0,11.60000038,10.20699978,13.4659996,114.5202789,115.9730988,112.9834213,102.0632629,99.7387619,104.5020065,50.73448944,32.166669999999996,59.05104828,177386817.0,86.042,1.14037759212483,28776239.0,13.958,-1.10620718629365,75.23,71.578,78.934,5.0
3.0,13.0,8700.0,12.81999969,11.36900043,14.71800041,115.9717789,117.9199219,113.9252396,101.3137894,99.78598022,102.9063187,51.57070923,32.166669999999996,59.72615051,179379296.0,86.309,1.11697812273061,28454529.0,13.691,-1.12426724243651,75.456,71.804,79.156,5.0
3.0,14.0,9170.0,12.32999992,10.86800003,14.22700024,114.476532,115.9605103,112.9145279,105.0091095,103.4190063,106.6633224,53.25735092,32.166669999999996,61.59022903,181335496.0,86.569,1.08463485344243,28133824.0,13.431,-1.13347859268477,75.672,72.024,79.362,5.0
3.0,15.0,9270.0,11.93000031,10.20600033,14.13899994,111.9657822,114.4892273,109.3679276,103.9523773,101.3035965,106.7609863,55.13629913,32.166669999999996,64.3465271,183241634.0,86.824,1.04568016584537,27807885.0,13.176,-1.16529399661524,75.881,72.243,79.555,5.0
3.0,16.0,7850.0,13.68999958,11.93099976,16.04199982,108.8093681,107.8020592,109.31068805000001,93.42028809,90.19768906,97.200126645,35.819524765,32.166669999999996,38.545040130000004,185081854.0,87.073,0.999249503269173,27477555.0,12.927,-1.19501239772363,74.962,71.887,77.996,5.0
4.0,1.0,34810.0,6.760000229,7.017000198,6.46600008,97.36457062,97.77118683,96.93871307,101.3911896,102.4870605,100.2343826,35.819524765,32.166669999999996,38.545040130000004,25834340.0,80.122,1.04061858829188,6409413.0,19.878,0.557844254173616,80.1926829268293,77.9,82.6,1.0
4.0,2.0,38510.0,6.320000172,6.521999836,6.092000008,98.88063049,99.23444366,98.50982666,101.7282486,102.7323608,100.6695023,35.819524765,32.166669999999996,38.545040130000004,26126316.0,80.213,1.12384675481251,6444858.0,19.787,0.551491248878675,80.3439024390244,78.1,82.7,5.0
4.0,3.0,43090.0,6.039999962,6.383999825,5.652999878,98.96647644,99.20018768,98.72110748,101.9034882,103.0018997,100.7483673,63.60005951,53.7555,73.95900726,26441461.0,80.396,1.19901884209158,6447564.0,19.604,0.0419781487099549,80.5439024390244,78.3,82.9,1.0
4.0,4.0,45650.0,6.139999866,6.572000027,5.65199995,98.01331329,98.10118103,97.92086029,102.3444366,103.5259323,101.104248,63.76739883,53.6511,74.44554138,26789863.0,80.578,1.30902990520455,6457255.0,19.422,0.150191983656897,80.6951219512195,78.5,83.0,5.0
4.0,5.0,43230.0,8.340000153,9.532999992,7.005000114,99.00879669,98.93639374,99.08512878,102.7344437,103.9080811,101.5036087,63.0657692,52.796,73.92633057,27158023.0,80.758,1.36489394771959,6470872.0,19.242,0.210657043137183,80.9951219512195,78.8,83.3,5.0
4.0,6.0,44490.0,8.06000042,8.793999672,7.243000031,98.64160156,98.39224243,98.90505981,102.3984833,103.5829773,101.1566925,61.65584946,52.04627,71.8228302,27522537.0,80.937,1.33326871439499,6482352.0,19.063,0.177253215195272,81.2463414634146,79.1,83.5,1.0
4.0,7.0,47190.0,7.510000229,7.959000111,7.008999825,98.1893692,97.84992981,98.54882813,103.3489609,104.3807678,102.2668762,63.46731949,53.84628,73.63205719,27847821.0,81.096,1.17495264216968,6491507.0,18.904,0.141129967876975,81.4487804878049,79.4,83.6,5.0
4.0,8.0,51080.0,7.289999962,7.71600008,6.816999912,99.51828003,99.0009079,100.0669785,109.9874878,110.1125031,109.8560715,63.98077011,54.81435,73.58981323,28166078.0,81.137,1.13636233305053,6548144.0,18.863,0.868694356405575,81.6487804878049,79.6,83.8,5.0
4.0,9.0,52800.0,7.070000172,7.497000217,6.597000122,100.3407135,99.80014801,100.9137268,109.4859924,109.363327,109.6153183,65.33229828,56.15423,74.91763306,28479640.0,81.178,1.1071099946107,6603314.0,18.822,0.838999350897815,81.7487804878049,79.7,83.9,5.0
4.0,10.0,52200.0,6.909999847,7.377999783,6.388999939,101.5366592,100.9486923,102.1586838,109.3330994,109.0323029,109.6512222,65.61290741,56.37053,75.26596069,28781576.0,81.218,1.05460141956621,6655859.0,18.782,0.792587517646634,81.8,79.8,83.9,5.0
4.0,11.0,47590.0,6.909999847,7.461999893,6.291999817,102.4850769,102.0841522,102.907959,110.3565292,109.8839493,110.8576202,64.78695679,55.53108,74.48036957,29011826.0,81.259,0.796807975480466,6691082.0,18.741,0.527807559356073,81.9,79.9,84.0,1.0
4.0,12.0,43890.0,7.0,7.681000233,6.241000175,101.0238724,100.9814529,101.0684662,112.5142822,111.6930923,113.3864594,66.43917847,56.98357,76.38455963,29357013.0,81.3,1.18279215486163,6752474.0,18.7,0.913336125759693,81.9,79.9,84.0,5.0
4.0,13.0,42900.0,6.340000153,6.781000137,5.850999832,100.9436798,101.062439,100.8191376,113.7628632,113.0466766,114.5206375,68.92250824,59.06871,79.29238892,29729597.0,81.35,1.26116200732881,6815698.0,18.65,0.931952478221833,81.9,79.9,84.0,5.0
4.0,14.0,45080.0,5.829999924,6.138999939,5.488999844,101.501091,101.7166214,101.2753983,114.1235123,113.5315323,114.7476807,70.11302185,60.16537,80.57795715,30175132.0,81.411,1.48750598693977,6890046.0,18.589,1.08492803121353,82.0487804878049,80.0,84.2,5.0
4.0,15.0,46550.0,5.659999847,6.03000021,5.25,100.9897537,101.2723236,100.6940231,114.3332672,113.869751,114.8205338,75.69882202,32.166669999999996,86.50887299,30631841.0,81.482,1.50218820550071,6961543.0,18.518,1.0323383832027,82.0487804878049,80.0,84.2,5.0
4.0,16.0,43580.0,9.460000038,9.526000023,9.38599968,108.8093681,107.8020592,109.31068805000001,93.42028809,90.19768906,97.200126645,35.819524765,32.166669999999996,38.545040130000004,30997832.0,81.562,1.18772430444538,7007406.0,18.438,0.656644458992974,74.962,71.887,77.996,5.0
5.0,1.0,3000.0,11.06000042,8.730999947,14.44400024,121.526619,122.5994873,120.4071808,82.86219788,78.66983032,87.22846222,30.69215965,29.50936,31.90497017,32422511.0,76.024,1.88259524436733,10225220.0,23.976,-0.32120770443209,74.265,71.085,77.43,4.0
5.0,2.0,3500.0,11.28999996,8.619000435,15.14099979,122.4302368,123.2248001,121.6014404,86.28616333,81.62586975,91.13822937,32.69947815,31.31875,34.11875153,33015425.0,76.423,1.81219110019529,10185476.0,23.577,-0.389443360792884,74.5,71.354,77.63,5.0
5.0,3.0,4130.0,10.25,8.298000336,13.13599968,123.1524734,123.5725632,122.7143021,89.21082306,84.49651337,94.11921692,33.74993896,32.2619,35.28256989,33597407.0,76.816,1.7474014871928,10140105.0,23.184,-0.446443084288362,74.732,71.621,77.825,4.0
5.0,4.0,4710.0,10.48999977,8.463999748,13.45100021,123.645752,123.9046478,123.3756485,90.78518677,86.426651,95.3237915,36.07695007,36.18753,35.96286011,34166609.0,77.204,1.67999307318997,10088363.0,22.796,-0.511577177722625,74.962,71.887,78.019,5.0
5.0,5.0,5130.0,11.28999996,9.010000229,14.48499966,124.5789108,124.7536087,124.3965836,95.26943207,90.63372803,100.0971603,37.51898956,36.5479,38.52225113,34720224.0,77.587,1.60735192801903,10029830.0,22.413,-0.581892868412038,75.193,72.154,78.212,5.0
5.0,6.0,5620.0,10.97999954,8.62899971,14.18299961,120.3232117,121.3099976,119.2928467,97.54611969,93.01107788,102.2693787,39.41331863,37.54723,41.34383011,35257425.0,77.964,1.53538039907775,9965274.0,22.036,-0.645720315409095,75.424,72.422,78.405,4.0
5.0,7.0,6310.0,10.10999966,7.906000137,13.09300041,117.6694717,119.5957031,115.6577301,99.15142822,94.92404175,103.552948,43.03231049,40.98465,45.15119934,35769913.0,78.335,1.4430975687191,9892834.0,21.665,-0.729579286435454,75.655,72.689,78.598,5.0
5.0,8.0,7290.0,9.739999771,7.543000221,12.64900017,114.9600525,116.7949295,113.0435104,95.40425873,91.36876678,99.60598755,45.30730057,42.54465,48.16622925,36262053.0,78.701,1.36647015254699,9813668.0,21.299,-0.803454878728542,75.882,72.95,78.789,5.0
5.0,9.0,7950.0,9.050000191,7.066999912,11.66499996,116.2692108,117.725563,114.7479172,96.14040375,92.39228821,100.0441666,48.73310852,45.42249,52.1595192,36759801.0,79.061,1.36330613922269,9735691.0,20.939,-0.797749057039641,76.105,73.205,78.978,5.0
5.0,10.0,8200.0,8.569999695,6.714000225,11.02000046,114.5444183,116.3537674,112.654007,94.9876709,91.38948822,98.73783112,51.41638184,47.74614,55.21667862,37299404.0,79.415,1.45724639899263,9668302.0,20.585,-0.694591787741767,76.322,73.45,79.164,5.0
5.0,11.0,7330.0,8.300000191,6.361000061,10.84200001,115.2318878,116.9787903,113.405983,94.7192688,91.45410156,98.12564087,53.28213882,49.2762,57.43416977,37904385.0,79.764,1.60894566343541,9616282.0,20.236,-0.539499593814073,76.531,73.686,79.346,3.0
5.0,12.0,6460.0,8.68999958,6.775000095,11.20100021,116.2337036,117.800972,114.5958328,95.01463318,92.05164337,98.10569763,55.48424911,51.3698,59.74895859,38592067.0,80.108,1.79799326101377,9582981.0,19.892,-0.346899080397621,76.732,73.91,79.523,5.0
5.0,13.0,5930.0,8.869999886,6.864999771,11.50199986,114.9832687,116.7746887,113.1108627,95.73023224,93.11688232,98.45749664,56.43402863,52.19238,60.83253098,39346013.0,80.446,1.9347911041769,9563831.0,19.554,-0.2000333672829,76.925,74.124,79.694,5.0
5.0,14.0,6260.0,9.109999657,7.090000153,11.79100037,114.5266571,116.2171631,112.7591171,97.50623322,95.03002167,100.0914536,55.32749176,51.09034,59.72433853,40115208.0,80.778,1.93608660289417,9545848.0,19.222,-0.188208345188201,77.109,74.33,79.859,5.0
5.0,15.0,6570.0,9.960000038,7.879000187,12.74800014,114.0009918,115.852272,112.0647125,100.8063126,98.36582184,103.3546295,54.97652054,32.166669999999996,59.04463959,40827302.0,81.104,1.75955099995645,9512141.0,18.896,-0.353731289768236,77.287,74.528,80.019,5.0
5.0,16.0,5790.0,15.03999996,12.22999954,19.04000092,108.8093681,107.8020592,109.31068805000001,93.42028809,90.19768906,97.200126645,35.819524765,32.166669999999996,38.545040130000004,41431388.0,81.425,1.46877335365461,9451496.0,18.575,-0.639594680486119,74.962,71.887,77.996,5.0
6.0,1.0,710.0,5.612999916,5.493999958,5.93900013,108.8093681,107.8020592,109.31068805000001,53.96905899,58.42649841,49.01576996,10.67963982,12.3362,8.852190018,335503761.0,29.235,2.72183174211269,812106163.0,70.765,1.11164776693103,64.5,63.689,65.357,4.0
6.0,2.0,790.0,5.600999832,5.494999886,5.903999805,108.8093681,107.8020592,109.31068805000001,54.88293839,59.05300903,50.23820114,11.4863596,13.15273,9.646220207,344622641.0,29.569,2.68168577159924,820863650.0,70.431,1.07259434797976,64.918,64.091,65.793,5.0
6.0,3.0,910.0,5.572000027,5.477000237,5.852000237,110.0201187,110.3839493,109.6115799,57.27587128,60.83147049,53.30596924,13.12668037,15.22165,10.81169987,353850624.0,29.906,2.64248337803077,829358847.0,70.094,1.02959110790375,65.35,64.499,66.253,4.0
6.0,4.0,1000.0,5.414000034,5.326000214,5.681000233,110.6973801,109.6691666,111.8521576,60.35649109,63.3456192,57.01189041,15.04720974,32.166669999999996,38.545040130000004,363154576.0,30.246,2.59537148470971,837515186.0,69.754,0.978646728686219,65.794,64.91,66.735,5.0
6.0,5.0,1120.0,5.544000149,5.471000195,5.771999836,109.4510727,107.8146515,111.2892838,59.61365128,61.48292923,57.51856995,16.03092957,18.50692,13.28658009,372465918.0,30.587,2.53169655052216,845260299.0,69.413,0.920523000240269,66.244,65.32,67.231,5.0
6.0,6.0,1220.0,5.546000004,5.484000206,5.745999813,109.1013718,107.6827469,110.6951218,63.11619949,64.90872955,61.10480118,17.83387947,20.33295,15.05774021,381763164.0,30.93,2.46548884731456,852517999.0,69.07,0.854969605672736,66.693,65.723,67.73,4.0
6.0,7.0,1360.0,5.426000118,5.373000145,5.611000061,108.3233566,106.5544815,110.3103638,66.2507019,67.65908813,64.66925049,22.76465034,25.16253,20.09417915,391040056.0,31.276,2.40095729462256,859247883.0,68.724,0.786312981908638,67.13,66.115,68.218,5.0
6.0,8.0,1480.0,5.414000034,5.370999813,5.571000099,109.7612991,107.7894669,111.9744263,69.01283264,70.23729706,67.63686371,24.26798058,32.166669999999996,38.545040130000004,400416922.0,31.634,2.36963095342624,865363321.0,68.366,0.709199107347279,67.545,66.488,68.68,5.0
6.0,9.0,1520.0,5.423999786,5.389999866,5.547999859,110.583313,104.7486877,117.1203766,68.75911713,68.11627197,69.48177338,23.79483032,24.35854,23.16390991,409907903.0,32.003,2.34261983514164,870934216.0,67.997,0.641700399588297,67.931,66.84,69.106,5.0
6.0,10.0,1560.0,5.43599987,5.412000179,5.526000023,107.8644104,102.3568878,114.0187607,74.1415329,73.34300995,75.03926086,25.43213081,25.46224,25.39834976,419567353.0,32.384,2.32915608060408,876033415.0,67.616,0.583778816634467,68.286,67.167,69.491,5.0
6.0,11.0,1600.0,5.434999943,5.420000076,5.491000175,108.4852295,102.8335037,114.780571,73.8656311,73.1364975,74.68528748,26.76898956,26.72463,26.81880951,429428650.0,32.777,2.32315357822471,880723742.0,67.223,0.533976836350169,68.607,67.468,69.835,4.0
6.0,12.0,1680.0,5.422999859,5.416999817,5.447000027,114.5383224,106.4179001,123.5551376,75.09179688,74.24894714,76.03894806,26.82921982,26.63853,27.04351997,439501314.0,33.182,2.31851026568661,885015936.0,66.818,0.486164807590946,68.897,67.745,70.142,5.0
6.0,13.0,1820.0,5.357999802,5.359000206,5.356999874,112.9578629,105.5810089,121.1273727,73.47688293,72.95886993,74.05850983,27.44212914,26.91141,28.03871918,449795398.0,33.6,2.31521013771488,888881381.0,66.4,0.435814528961238,69.165,68.0,70.425,5.0
6.0,14.0,2010.0,5.329999924,5.337999821,5.297999859,108.8093681,107.8020592,109.31068805000001,74.37950897,73.86634827,74.95496368,28.06055069,27.17026,29.06164932,460304169.0,34.03,2.30946996598269,892338114.0,65.97,0.388131541253613,69.416,68.239,70.692,5.0
6.0,15.0,2120.0,5.269999981,5.361000061,4.93200016,96.82868195,95.93580627,97.81433868,73.79296875,73.14083099,74.52295685,28.57290077,27.11052,30.21796036,471031529.0,34.472,2.30375244091858,895386227.0,65.528,0.341005140874281,69.656,68.464,70.95,5.0
6.0,16.0,1920.0,7.997000217,8.619000435,5.506999969,99.90045929,98.9871521,100.9082413,75.48119354,75.66000366,75.28150177,29.44132996,32.166669999999996,31.29393959,481980332.0,34.926,2.29782759107855,898024053.0,65.074,0.294168928507531,74.962,71.887,77.996,5.0
7.0,1.0,8050.0,3.559999943,3.368000031,3.90899992,108.6008377,109.5725479,107.5982437,82.30407715,80.5658493,84.03331757,24.21640015,24.52151,23.92173958,80890447.0,76.308,1.82420878524429,25114752.0,23.692,0.11167801180592,75.3,72.575,77.999,4.0
7.0,2.0,8690.0,3.569999933,3.388999939,3.890000105,108.1747665,109.2462234,107.0704193,84.08560181,81.9230423,86.24868011,24.79043007,25.18381,24.41291046,82408288.0,76.616,1.8590281344028,25151867.0,23.384,0.147672580663442,75.296,72.532,78.035,5.0
7.0,3.0,9250.0,3.630000114,3.41899991,4.0,108.7997131,109.8989563,107.6687775,84.90705109,82.3140564,87.52310181,25.42106056,25.8097,25.04818916,83973951.0,76.92,1.88206292256786,25196552.0,23.08,0.17750313761612,75.255,72.447,78.039,4.0
7.0,4.0,9780.0,3.869999886,3.779000044,4.028999805,109.4244232,110.4972076,108.3209534,86.42752838,83.34577179,89.55883789,26.11203003,26.48113,25.75688934,85573769.0,77.222,1.88721556631294,25241503.0,22.778,0.17824244769517,75.194,72.342,78.026,5.0
7.0,5.0,8820.0,5.360000134,5.363999844,5.354000092,110.5452805,111.5010605,109.5611877,85.93801117,82.55104828,89.39710999,26.58672905,26.89417,26.28899956,87182004.0,77.52,1.86191341992348,25281882.0,22.48,0.159842847415204,75.128,72.233,78.004,5.0
7.0,6.0,9040.0,5.300000191,5.369999886,5.179999828,110.6334915,111.4043198,109.8384171,87.0699234,83.83090973,90.38813782,27.56347084,27.87713,27.25700951,88781438.0,77.815,1.81796631467998,25311523.0,22.185,0.117173388078255,75.065,72.135,77.979,4.0
7.0,7.0,9310.0,5.170000076,5.191999912,5.131999969,110.5407562,111.1703186,109.8900986,88.19017792,85.15087128,91.30687714,28.34149933,28.64911,28.03771973,90370887.0,78.111,1.7744572453399,25324581.0,21.889,0.0515758490797851,75.011,72.056,77.952,5.0
7.0,8.0,10050.0,4.889999866,4.894000053,4.883999825,110.4134521,110.8946762,109.9152985,90.66719818,87.75827789,93.64716339,29.4718399,29.78086,29.16374969,91948802.0,78.405,1.73097530755872,25325354.0,21.595,0.0030523237593838,74.966,71.997,77.922,5.0
7.0,9.0,10270.0,4.909999847,4.883999825,4.953999996,109.4414825,109.8597488,109.0077515,93.3275528,90.76838684,95.947052,30.30003929,30.64125,29.95729065,93515785.0,78.699,1.68983234295214,25311373.0,21.301,-0.0552207900612247,74.93,71.958,77.89,5.0
7.0,10.0,10500.0,4.809999943,4.788000107,4.84800005,108.0057526,108.2996826,107.7004013,97.34338379,94.69579315,100.0534668,31.0941391,31.35193,30.83395004,95072133.0,78.993,1.65056526440047,25283004.0,21.007,-0.112142908580838,74.908,71.943,77.86,5.0
7.0,11.0,10160.0,4.309999943,4.228000164,4.447000027,106.6061096,106.7350769,106.4718628,100.8327408,97.6499176,104.0937805,31.8190403,32.07144,31.56361961,96615314.0,79.285,1.61013604556509,25242937.0,20.715,-0.158599751358101,74.904,71.954,77.837,4.0
7.0,12.0,9390.0,3.859999895,3.829999924,3.910000086,106.2777328,106.2245789,106.333168,102.4040604,98.75592041,106.1494064,38.43338013,38.30063,38.56782913,98145003.0,79.577,1.5708748882209,25188376.0,20.423,-0.216377556093139,74.917,71.99,77.826,5.0
7.0,13.0,8920.0,3.420000076,3.312000036,3.601999998,105.7700119,105.516571,106.0346909,104.3850327,100.6593628,108.219902,40.22895813,39.8398,40.62316895,99655907.0,79.867,1.52773148162835,25121419.0,20.133,-0.266178940038251,74.947,72.046,77.827,5.0
7.0,14.0,9180.0,3.279999971,3.188999891,3.428999901,105.0280685,104.709877,105.3607101,105.103363,100.7587128,109.5876083,41.52280045,40.74708,42.30899811,101149483.0,80.156,1.48761300066204,25041299.0,19.844,-0.319440697492789,74.992,72.118,77.844,5.0
7.0,15.0,9470.0,3.480000019,3.457000017,3.51699996,104.6558228,104.191803,105.1412582,104.6472397,99.92178345,109.5373993,42.83069992,32.166669999999996,43.99684906,102626859.0,80.444,1.45002297233125,24948670.0,19.556,-0.370590771968483,75.054,72.203,77.879,5.0
7.0,16.0,8480.0,4.449999809,4.666999817,4.097000122,108.8093681,107.8020592,109.31068805000001,93.42028809,90.19768906,97.200126645,35.819524765,32.166669999999996,38.545040130000004,104088701.0,80.731,1.4143747761486,24844052.0,19.269,-0.42021464078884,74.962,71.887,77.996,5.0
8.0,1.0,740.0,0.592999995,0.648999989,0.333000004,81.27757263,91.5045929,70.34327698,25.63673973,90.19768906,97.200126645,4.923419952,5.25631,4.571519852,54474508.0,33.982,2.88966738902095,105829499.0,66.018,1.99242178016137,63.951,63.102,64.89,4.0
8.0,2.0,800.0,0.579999983,0.638999999,0.319000006,77.92784882,86.64994812,68.56942749,30.86035919,34.61246109,26.89195061,4.986420155,5.38487,4.565269947,56069494.0,34.184,2.88590365371211,107953132.0,65.816,1.98678708850221,64.176,63.317,65.124,5.0
8.0,3.0,860.0,0.400000006,0.433999985,0.252000004,83.10394287,90.36279297,75.2917099,32.90158081,37.23604965,28.31261063,5.615320206,6.06515,5.140049934,57704173.0,34.387,2.87376075948203,110103933.0,65.613,1.97275951893816,64.42,63.552,65.374,4.0
8.0,4.0,920.0,0.419999987,0.395000011,0.523999989,83.24307251,90.03914642,75.90518188,33.03702927,37.3730011,28.43841934,5.55546999,6.00125,5.084589958,59373384.0,34.59,2.85165518863777,112275600.0,65.41,1.95317978194375,64.685,63.809,65.644,5.0
8.0,5.0,950.0,0.540000021,0.584999979,0.363000005,83.89859772,90.20036316,77.07290649,32.85655975,36.49200821,28.99180031,6.798860073,7.34529,6.221819878,61070625.0,34.793,2.81849361978838,114454985.0,65.207,1.92250386071876,64.969,64.086,65.931,5.0
8.0,6.0,970.0,0.649999976,0.653999984,0.634000003,84.59361267,90.99826813,77.63803864,33.17972946,37.27687073,28.81164932,35.819524765,32.166669999999996,38.545040130000004,62793242.0,34.997,2.78164748784569,116631401.0,65.003,1.88369413894623,65.264,64.377,66.228,4.0
8.0,7.0,1030.0,0.800000012,0.833999991,0.672999978,80.85917664,86.69284058,74.51299286,33.76794052,38.34420013,28.87335014,8.295140266,8.61006,7.962850094,64539406.0,35.202,2.74285267681366,118800762.0,64.798,1.84292780718397,65.562,64.672,66.526,5.0
8.0,8.0,1120.0,1.847000003,1.799000025,2.025000095,80.37718964,85.64099121,74.64865875,34.9048996,40.00703049,29.42892075,9.39550972,9.59332,9.186710358,66312147.0,35.408,2.70971100933162,120967978.0,64.592,1.80780448946846,65.849,64.959,66.813,5.0
8.0,9.0,1210.0,2.950000048,2.821000099,3.421000004,79.65857697,84.96420288,73.89344025,36.00167084,41.33398819,30.26078987,9.730730057,9.82275,9.633509636,68113708.0,35.613,2.68053920361254,123147091.0,64.387,1.78536367438045,66.117,65.226,67.08,5.0
8.0,10.0,1230.0,1.830000043,1.77699995,2.017999887,84.30747223,90.68501282,77.39932251,37.32049179,41.47291183,32.83697128,9.659850121,9.36887,9.96778965,69956302.0,35.819,2.66923048606493,125348710.0,64.181,1.77200306787877,66.36,65.468,67.323,5.0
8.0,11.0,1260.0,3.569999933,2.821000099,6.157000065,85.08992004,91.42446136,78.25324249,39.60364914,43.95138931,34.89731979,9.225899696,9.82605,8.589209557,71845554.0,36.026,2.66479417191666,127581399.0,63.974,1.7655051055622,66.577,65.684,67.543,4.0
8.0,12.0,1310.0,3.779000044,3.244999886,5.690000057,91.31745911,98.2248764,83.88246918,40.9597702,45.02035904,36.55670166,9.032739639,9.6313,8.395770073,73783786.0,36.234,2.66202738753606,129847570.0,63.766,1.76066396107088,66.77,65.872,67.742,5.0
8.0,13.0,1400.0,3.915999889,3.592999935,5.118000031,90.58917236,96.99446106,83.70681763,40.40158844,44.38486862,36.08089066,9.348919868,9.97807,8.677350044,75765181.0,36.442,2.64998279797427,132141029.0,63.558,1.75085297338228,66.947,66.041,67.928,5.0
8.0,14.0,1480.0,4.079999924,3.959000111,4.547999859,94.32820129,101.9784775,86.11134338,42.67465973,45.92734146,39.14799118,8.9584198,9.55403,8.320440292,77815624.0,36.666,2.67034000931371,134412664.0,63.334,1.70448960736984,67.114,66.194,68.109,5.0
8.0,15.0,1410.0,3.542000055,3.381999969,4.162000179,95.48413849,101.2893066,89.24362946,44.8681488,47.89506912,41.59032059,12.22064018,32.166669999999996,12.11791992,79927762.0,36.907,2.67810181020819,136637555.0,63.093,1.64171863042852,67.273,66.337,68.287,5.0
8.0,16.0,1270.0,4.302999973,4.130000114,4.986999989,108.8093681,107.8020592,109.31068805000001,93.42028809,90.19768906,97.200126645,35.819524765,32.166669999999996,38.545040130000004,82094635.0,37.165,2.67494154391561,138797696.0,62.835,1.56856123664991,74.962,71.887,77.996,5.0
9.0,1.0,46180.0,5.079999924,5.065999985,5.096000195,101.8740234,102.411377,101.3106003,95.0524826,94.20211029,95.9484787,80.63482666,66.93172,95.19016266,236200507.0,79.928,1.13588459113456,59316092.0,20.072,0.0733898148736528,77.4878048780488,75.0,80.1,2.0
9.0,2.0,47850.0,4.619999886,4.614999771,4.625,108.8093681,107.8020592,109.31068805000001,93.42028809,90.19768906,97.200126645,35.819524765,68.77082,38.545040130000004,238999326.0,80.099,1.17796815968651,59380586.0,19.901,0.108670280303657,77.6878048780488,75.2,80.3,5.0
9.0,3.0,48520.0,4.619999886,4.724999905,4.495999813,108.8093681,107.8020592,109.31068805000001,93.42028809,90.19768906,97.200126645,35.819524765,69.41766,38.545040130000004,241795278.0,80.269,1.16306776101756,59435929.0,19.731,0.0931570901609545,77.9878048780488,75.5,80.6,2.0
9.0,4.0,49090.0,5.78000021,6.092999935,5.414000034,108.8093681,107.8020592,109.31068805000001,93.42028809,90.19768906,97.200126645,35.819524765,70.93422,38.545040130000004,244607104.0,80.438,1.15618567133535,59486862.0,19.562,0.0856572616332229,78.0390243902439,75.6,80.6,5.0
9.0,5.0,47830.0,9.25,10.27600002,8.059000015,108.8093681,107.8020592,109.31068805000001,93.42028809,90.19768906,97.200126645,35.819524765,73.27885,38.545040130000004,247276259.0,80.606,1.08529029428822,59495270.0,19.394,0.0141332145804876,78.390243902439,76.0,80.9,5.0
9.0,6.0,49140.0,9.630000114,10.50800037,8.609999657,108.8093681,107.8020592,109.31068805000001,93.42028809,90.19768906,97.200126645,35.819524765,77.70586,38.545040130000004,249849720.0,80.772,1.03534480069191,59477423.0,19.228,-0.0300018427486857,78.5414634146342,76.2,81.0,2.0
9.0,7.0,50630.0,8.949999809,9.37100029,8.461000443,108.8093681,107.8020592,109.31068805000001,93.42028809,90.19768906,97.200126645,35.819524765,79.01522,38.545040130000004,252208133.0,80.944,0.93950541093758,59375348.0,19.056,-0.17176717755585,78.6414634146341,76.3,81.1,5.0
9.0,8.0,52780.0,8.069999695,8.227000237,7.887000084,108.8093681,107.8020592,109.31068805000001,93.42028809,90.19768906,97.200126645,35.819524765,78.17828,38.545040130000004,254614421.0,81.119,0.94956550837067,59263241.0,18.881,-0.188989154899031,78.7414634146342,76.4,81.2,5.0
9.0,9.0,53980.0,7.369999886,7.627999783,7.068999767,99.45543671,99.85974884,99.0333786,96.18649292,96.06963348,96.30905914,88.72641754,75.07691,103.1126099,256953576.0,81.299,0.914510413562637,59106371.0,18.701,-0.265051290084759,78.7414634146342,76.4,81.2,5.0
9.0,10.0,55800.0,6.170000076,6.262000084,6.061999798,99.67337799,99.83744049,99.50208282,96.92453766,96.36253357,97.51304626,88.6268692,75.39736,102.5993881,259430732.0,81.483,0.95943078191871,58955597.0,18.517,-0.255415159548918,78.8414634146341,76.5,81.3,5.0
9.0,11.0,56640.0,5.28000021,5.367000103,5.177999973,100.2999115,100.3120422,100.287262,97.65254974,97.15371704,98.17357635,88.88941193,75.75902,102.7473297,261950744.0,81.671,0.966674782180289,58788250.0,18.329,-0.284256234098651,78.690243902439,76.3,81.2,2.0
9.0,12.0,57130.0,4.869999886,4.93900013,4.789000034,101.3628616,101.4457779,101.276413,98.76992798,99.05283356,98.47470856,88.83505249,76.06227,102.2938004,264473000.0,81.862,0.958268060593122,58598755.0,18.138,-0.322855438046257,78.5390243902439,76.1,81.1,5.0
9.0,13.0,59240.0,4.360000134,4.40199995,4.311999798,101.8214417,102.2044601,101.4219971,98.95233917,99.19851685,98.69555664,88.16738892,74.99719,102.0113297,266788716.0,82.058,0.871785260117191,58333412.0,17.942,-0.453841679756109,78.5390243902439,76.1,81.1,5.0
9.0,14.0,63490.0,3.900000095,3.950999975,3.84100008,101.2565613,101.3142395,101.196373,99.27558136,99.73565674,98.79605865,88.29917908,74.89505,102.3540421,268844029.0,82.256,0.767437430461766,57994170.0,17.744,-0.58325455730801,78.6390243902439,76.2,81.2,5.0
9.0,15.0,65970.0,3.670000076,3.720999956,3.611000061,100.9813004,100.634079,101.3437424,100.0634308,100.9021225,99.18945313,87.88871002,32.166669999999996,102.4253311,270737596.0,82.459,0.701867775195684,57592357.0,17.541,-0.695262032744607,78.7878048780488,76.3,81.4,5.0
9.0,16.0,64530.0,8.050000191,7.796000004,8.345000267,108.8093681,107.8020592,109.31068805000001,93.42028809,90.19768906,97.200126645,35.819524765,32.166669999999996,38.545040130000004,272364755.0,82.664,0.599210762260319,57119368.0,17.336,-0.824661438105005,74.962,71.887,77.996,5.0
